"DESCRIPTION","DURATION IN MS","NAME","PARENT SUITE","START TIME","STATUS","STOP TIME","SUB SUITE","SUITE","TEST CLASS","TEST METHOD"
"","1336","Nested Frames - Read Text From Child Frame Inside Parent","DemoQA Regression Suite","2026-10-03","passed","2026-10-03","com.automation.sites.demoqa.tests.NestedFramesTest","DemoQA Regression Tests","com.automation.sites.demoqa.tests.NestedFramesTest","verifyChildFrameText"
"","704","Resizable - Box Has Default Size 200x200","DemoQA Regression Suite","2026-10-03","passed","2026-10-03","com.automation.sites.demoqa.tests.ResizableTest","DemoQA Regression Tests","com.automation.sites.demoqa.tests.ResizableTest","verifyDefaultSize"
"","826","Check Box - Expand Tree and Select Desktop","DemoQA Regression Suite","2026-10-03","passed","2026-10-03","com.automation.sites.demoqa.tests.CheckBoxTest","DemoQA Regression Tests","com.automation.sites.demoqa.tests.CheckBoxTest","verifyDesktopCheckboxSelection"
"","1911","Broken Links Images - Valid Link Navigates Correctly","DemoQA Regression Suite","2026-10-03","passed","2026-10-03","com.automation.sites.demoqa.tests.BrokenLinksImagesTest","DemoQA Regression Tests","com.automation.sites.demoqa.tests.BrokenLinksImagesTest","verifyValidLinkNavigatesCorrectly"
"","499","API - Fetch a single book by ISBN returns matching data","DemoQA Regression Suite","2026-10-03","passed","2026-10-03","com.automation.sites.demoqa.tests.BookStoreApiTest","DemoQA Regression Tests","com.automation.sites.demoqa.tests.BookStoreApiTest","getBookByIsbn_ShouldReturnMatchingBook"
"","2647","API - Create a new account returns userId + username","DemoQA Regression Suite","2026-10-03","passed","2026-10-03","com.automation.sites.demoqa.tests.BookStoreApiTest","DemoQA Regression Tests","com.automation.sites.demoqa.tests.BookStoreApiTest","createAccount_ShouldReturnUserIdAndUsername"
"","506","API - Book catalogue is non-empty; capture an ISBN for later tests","DemoQA Regression Suite","2026-10-03","passed","2026-10-03","com.automation.sites.demoqa.tests.BookStoreApiTest","DemoQA Regression Tests","com.automation.sites.demoqa.tests.BookStoreApiTest","getBooksList_ShouldReturnNonEmptyCatalogue"
"","93","SAHMAT Login/Forgot-Password - runs every scenario defined in the keyword CSV","SAHMAT Regression Suite","2026-10-03","skipped","2026-10-03","com.automation.sites.sahmat.tests.LoginAndForgotPasswordKeywordTest","SAHMAT Regression Tests","com.automation.sites.sahmat.tests.LoginAndForgotPasswordKeywordTest","runScenario"
"","1","API (negative) - Deleting an ISBN that isn't in the collection returns 400","DemoQA Regression Suite","2026-10-03","skipped","2026-10-03","com.automation.sites.demoqa.tests.BookStoreApiNegativeTest","DemoQA Regression Tests","com.automation.sites.demoqa.tests.BookStoreApiNegativeTest","deleteBookFromCollection_NotInCollection_ShouldReturn400"
"","1229","Buttons - Verify Dynamic Click","DemoQA Regression Suite","2026-10-03","passed","2026-10-03","com.automation.sites.demoqa.tests.ButtonsTest","DemoQA Regression Tests","com.automation.sites.demoqa.tests.ButtonsTest","verifyDynamicClick"
"","4313","Practice Form - Submit With All Fields","DemoQA Regression Suite","2026-10-03","passed","2026-10-03","com.automation.sites.demoqa.tests.PracticeFormTest","DemoQA Regression Tests","com.automation.sites.demoqa.tests.PracticeFormTest","verifyFormSubmissionWithAllFields"
"","1320","Nested Frames - Read Text From Parent Frame","DemoQA Regression Suite","2026-10-03","passed","2026-10-03","com.automation.sites.demoqa.tests.NestedFramesTest","DemoQA Regression Tests","com.automation.sites.demoqa.tests.NestedFramesTest","verifyParentFrameText"
"","3206","Broken Links Images - Valid Image Loads","DemoQA Regression Suite","2026-10-03","skipped","2026-10-03","com.automation.sites.demoqa.tests.BrokenLinksImagesTest","DemoQA Regression Tests","com.automation.sites.demoqa.tests.BrokenLinksImagesTest","verifyValidImageIsLoaded"
"","1267","Broken Links Images - Broken Image Does Not Load","DemoQA Regression Suite","2026-10-03","passed","2026-10-03","com.automation.sites.demoqa.tests.BrokenLinksImagesTest","DemoQA Regression Tests","com.automation.sites.demoqa.tests.BrokenLinksImagesTest","verifyBrokenImageIsNotLoaded"
"","23430","Web Tables - Full CRUD Lifecycle: Open, Add, Search, Edit, Delete","DemoQA Regression Suite","2026-10-03","passed","2026-10-03","com.automation.sites.demoqa.tests.WebTablesCRUDTest","DemoQA Regression Tests","com.automation.sites.demoqa.tests.WebTablesCRUDTest","verifyFullCRUDOperation"
"","3615","Sortable - Grid Is Draggable","DemoQA Regression Suite","2026-10-03","passed","2026-10-03","com.automation.sites.demoqa.tests.SortableTest","DemoQA Regression Tests","com.automation.sites.demoqa.tests.SortableTest","verifyGridIsDraggable"
"Fill all fields in the Text Box form and verify the output section","1370","Text Box - Fill and Submit Form","DemoQA Regression Suite","2026-10-03","passed","2026-10-03","com.automation.sites.demoqa.tests.TextBoxTest","DemoQA Regression Tests","com.automation.sites.demoqa.tests.TextBoxTest","fillTextBoxForm"
"","1266","Sortable - List Has 6 Items By Default","DemoQA Regression Suite","2026-10-03","passed","2026-10-03","com.automation.sites.demoqa.tests.SortableTest","DemoQA Regression Tests","com.automation.sites.demoqa.tests.SortableTest","verifyListHasSixItems"
"","10368","Draggable - Cursor TopLeft Box Drags Diagonally","DemoQA Regression Suite","2026-10-03","passed","2026-10-03","com.automation.sites.demoqa.tests.DraggableTest","DemoQA Regression Tests","com.automation.sites.demoqa.tests.DraggableTest","verifyCursorTopLeft"
"","11181","Progress Bar - Resets To 0 After Reset","DemoQA Regression Suite","2026-10-03","passed","2026-10-03","com.automation.sites.demoqa.tests.ProgressBarTest","DemoQA Regression Tests","com.automation.sites.demoqa.tests.ProgressBarTest","verifyProgressBarReset"
"","1314","Upload and Download - Verify File Download","DemoQA Regression Suite","2026-10-03","passed","2026-10-03","com.automation.sites.demoqa.tests.UploadDownloadTest","DemoQA Regression Tests","com.automation.sites.demoqa.tests.UploadDownloadTest","verifyFileDownload"
"","2217","Date Picker - Select Specific Date","DemoQA Regression Suite","2026-10-03","passed","2026-10-03","com.automation.sites.demoqa.tests.DatePickerTest","DemoQA Regression Tests","com.automation.sites.demoqa.tests.DatePickerTest","verifyDateSelection"
"","1286","Frames - Read Text From Frame 1","DemoQA Regression Suite","2026-10-03","passed","2026-10-03","com.automation.sites.demoqa.tests.FramesTest","DemoQA Regression Tests","com.automation.sites.demoqa.tests.FramesTest","verifyFrame1Text"
"","1934","Sortable - Drag First Item To Third Position Changes Order","DemoQA Regression Suite","2026-10-03","passed","2026-10-03","com.automation.sites.demoqa.tests.SortableTest","DemoQA Regression Tests","com.automation.sites.demoqa.tests.SortableTest","verifyDragChangesOrder"
"","28441","Droppable - Simple Drag And Drop Shows Dropped","DemoQA Regression Suite","2026-10-03","passed","2026-10-03","com.automation.sites.demoqa.tests.DroppableTest","DemoQA Regression Tests","com.automation.sites.demoqa.tests.DroppableTest","verifySimpleDragAndDrop"
"","1683","Tool Tips - Text Field Shows Tooltip On Hover","DemoQA Regression Suite","2026-10-03","passed","2026-10-03","com.automation.sites.demoqa.tests.ToolTipsTest","DemoQA Regression Tests","com.automation.sites.demoqa.tests.ToolTipsTest","verifyTextFieldTooltip"
"","1210","Tabs - Use Tab Shows Content On Click","DemoQA Regression Suite","2026-10-03","passed","2026-10-03","com.automation.sites.demoqa.tests.TabsTest","DemoQA Regression Tests","com.automation.sites.demoqa.tests.TabsTest","verifyUseTabContent"
"","3964","Profile (API-seeded) - shows the username of an account created via the API","DemoQA Regression Suite","2026-10-03","passed","2026-10-03","com.automation.sites.demoqa.tests.ProfileApiSeededTest","DemoQA Regression Tests","com.automation.sites.demoqa.tests.ProfileApiSeededTest","profileShowsUsername"
"","841","Alerts - Confirm Alert Accept Shows Ok","DemoQA Regression Suite","2026-10-03","passed","2026-10-03","com.automation.sites.demoqa.tests.AlertsTest","DemoQA Regression Tests","com.automation.sites.demoqa.tests.AlertsTest","verifyConfirmAlertAccept"
"","2396","Links - Dynamic Home Link Opens New Tab","DemoQA Regression Suite","2026-10-03","passed","2026-10-03","com.automation.sites.demoqa.tests.LinksTest","DemoQA Regression Tests","com.automation.sites.demoqa.tests.LinksTest","verifyDynamicHomeLinkOpensNewTab"
"","81","Book Store - Login with registered user succeeds","DemoQA Regression Suite","2026-10-03","skipped","2026-10-03","com.automation.sites.demoqa.tests.BookStoreApplicationTest","DemoQA Regression Tests","com.automation.sites.demoqa.tests.BookStoreApplicationTest","verifyValidLogin"
"","10310","Draggable - Cursor Bottom Box Drags Down","DemoQA Regression Suite","2026-10-03","passed","2026-10-03","com.automation.sites.demoqa.tests.DraggableTest","DemoQA Regression Tests","com.automation.sites.demoqa.tests.DraggableTest","verifyCursorBottom"
"","892","Book Store - Register page loads the form","DemoQA Regression Suite","2026-10-03","passed","2026-10-03","com.automation.sites.demoqa.tests.BookStoreApplicationTest","DemoQA Regression Tests","com.automation.sites.demoqa.tests.BookStoreApplicationTest","verifyRegisterPageLoads"
"","5710","Dynamic Properties - Button Appears After 5 Seconds","DemoQA Regression Suite","2026-10-03","passed","2026-10-03","com.automation.sites.demoqa.tests.DynamicPropertiesTest","DemoQA Regression Tests","com.automation.sites.demoqa.tests.DynamicPropertiesTest","verifyButtonAppearsAfterDelay"
"","129","SAHMAT Login/Forgot-Password - runs every scenario defined in the keyword CSV","SAHMAT Regression Suite","2026-10-03","skipped","2026-10-03","com.automation.sites.sahmat.tests.LoginAndForgotPasswordKeywordTest","SAHMAT Regression Tests","com.automation.sites.sahmat.tests.LoginAndForgotPasswordKeywordTest","runScenario"
"","800","Selectable - Single Click Selects One Item","DemoQA Regression Suite","2026-10-03","passed","2026-10-03","com.automation.sites.demoqa.tests.SelectableTest","DemoQA Regression Tests","com.automation.sites.demoqa.tests.SelectableTest","verifySingleSelection"
"","414","API (negative) - Deleting the account with no Authorization header returns 401","DemoQA Regression Suite","2026-10-03","passed","2026-10-03","com.automation.sites.demoqa.tests.BookStoreApiNegativeTest","DemoQA Regression Tests","com.automation.sites.demoqa.tests.BookStoreApiNegativeTest","deleteUserAccount_WithoutAuthToken_ShouldReturn401"
"","1997","Links - Created API Link Returns 201","DemoQA Regression Suite","2026-10-03","passed","2026-10-03","com.automation.sites.demoqa.tests.LinksTest","DemoQA Regression Tests","com.automation.sites.demoqa.tests.LinksTest","verifyCreatedLink"
"","891","API - Authorized endpoint confirms valid credentials","DemoQA Regression Suite","2026-10-03","passed","2026-10-03","com.automation.sites.demoqa.tests.BookStoreApiTest","DemoQA Regression Tests","com.automation.sites.demoqa.tests.BookStoreApiTest","isAuthorized_ShouldReturnTrueForValidCredentials"
"","714","API (negative) cleanup - Delete the account used by this test class","DemoQA Regression Suite","2026-10-03","passed","2026-10-03","com.automation.sites.demoqa.tests.BookStoreApiNegativeTest","DemoQA Regression Tests","com.automation.sites.demoqa.tests.BookStoreApiNegativeTest","deleteUserAccount_ShouldCleanUp"
"","1534","API - Generate an auth token for the new account","DemoQA Regression Suite","2026-10-03","passed","2026-10-03","com.automation.sites.demoqa.tests.BookStoreApiTest","DemoQA Regression Tests","com.automation.sites.demoqa.tests.BookStoreApiTest","generateToken_ShouldReturnValidToken"
"","9908","Draggable - Y-Only Box Does Not Move Horizontally","DemoQA Regression Suite","2026-10-03","passed","2026-10-03","com.automation.sites.demoqa.tests.DraggableTest","DemoQA Regression Tests","com.automation.sites.demoqa.tests.DraggableTest","verifyYAxisRestriction"
"","434","API (negative) - Fetching user details with no Authorization header returns 401","DemoQA Regression Suite","2026-10-03","passed","2026-10-03","com.automation.sites.demoqa.tests.BookStoreApiNegativeTest","DemoQA Regression Tests","com.automation.sites.demoqa.tests.BookStoreApiNegativeTest","getUserDetails_WithoutAuthToken_ShouldReturn401"
"","10092","Draggable - X-Only Box Does Not Move Vertically","DemoQA Regression Suite","2026-10-03","passed","2026-10-03","com.automation.sites.demoqa.tests.DraggableTest","DemoQA Regression Tests","com.automation.sites.demoqa.tests.DraggableTest","verifyXAxisRestriction"
"","81","SAHMAT Login/Forgot-Password - runs every scenario defined in the keyword CSV","SAHMAT Regression Suite","2026-10-03","skipped","2026-10-03","com.automation.sites.sahmat.tests.LoginAndForgotPasswordKeywordTest","SAHMAT Regression Tests","com.automation.sites.sahmat.tests.LoginAndForgotPasswordKeywordTest","runScenario"
"","651","API (negative) - Adding a nonexistent ISBN to the collection returns 400","DemoQA Regression Suite","2026-10-03","failed","2026-10-03","com.automation.sites.demoqa.tests.BookStoreApiNegativeTest","DemoQA Regression Tests","com.automation.sites.demoqa.tests.BookStoreApiNegativeTest","addBookToCollection_WithInvalidIsbn_ShouldReturn400"
"","856","Select Menu - Old Style Select Works","DemoQA Regression Suite","2026-10-03","passed","2026-10-03","com.automation.sites.demoqa.tests.SelectMenuTest","DemoQA Regression Tests","com.automation.sites.demoqa.tests.SelectMenuTest","verifyOldStyleSelect"
"","1254","Accordian - Section 2 Opens On Click","DemoQA Regression Suite","2026-10-03","passed","2026-10-03","com.automation.sites.demoqa.tests.AccordianTest","DemoQA Regression Tests","com.automation.sites.demoqa.tests.AccordianTest","verifySection2OpensOnClick"
"","867","Settings app launches and shows the home screen search bar","Mobile Regression Suite","2026-10-03","passed","2026-10-03","com.automation.mobile.sites.settings.tests.SettingsHomeTest","Mobile Regression Tests","com.automation.mobile.sites.settings.tests.SettingsHomeTest","settingsHomeScreenLoads"
"","7429","Profile (API-seeded) - deleting a book in the UI removes it on the server too","DemoQA Regression Suite","2026-10-03","broken","2026-10-03","com.automation.sites.demoqa.tests.ProfileApiSeededTest","DemoQA Regression Tests","com.automation.sites.demoqa.tests.ProfileApiSeededTest","deleteFromProfile_IsReflectedInApi"
"","28729","Droppable - Drop On Inner Greedy Box Does NOT Trigger Outer","DemoQA Regression Suite","2026-10-03","passed","2026-10-03","com.automation.sites.demoqa.tests.DroppableTest","DemoQA Regression Tests","com.automation.sites.demoqa.tests.DroppableTest","verifyGreedyPreventsOuterDrop"
"","0","setUp","SAHMAT Regression Suite","2026-10-03","broken","2026-10-03","com.automation.sites.sahmat.tests.LoginAndForgotPasswordKeywordTest","SAHMAT Regression Tests","com.automation.sites.sahmat.tests.LoginAndForgotPasswordKeywordTest","setUp"
"","72","Profile - Delete book from collection removes it","DemoQA Regression Suite","2026-10-03","skipped","2026-10-03","com.automation.sites.demoqa.tests.BookStoreApplicationTest","DemoQA Regression Tests","com.automation.sites.demoqa.tests.BookStoreApplicationTest","verifyDeleteBookFromProfile"
"","10125","Draggable - Container Restricted Box Stays Within Parent","DemoQA Regression Suite","2026-10-03","passed","2026-10-03","com.automation.sites.demoqa.tests.DraggableTest","DemoQA Regression Tests","com.automation.sites.demoqa.tests.DraggableTest","verifyContainerRestriction"
"","679","API - Add the sample book to the account's collection","DemoQA Regression Suite","2026-10-03","passed","2026-10-03","com.automation.sites.demoqa.tests.BookStoreApiTest","DemoQA Regression Tests","com.automation.sites.demoqa.tests.BookStoreApiTest","addBookToUserCollection_ShouldSucceed"
"","10332","Draggable - Cursor Center Box Drags Right","DemoQA Regression Suite","2026-10-03","passed","2026-10-03","com.automation.sites.demoqa.tests.DraggableTest","DemoQA Regression Tests","com.automation.sites.demoqa.tests.DraggableTest","verifyCursorCenter"
"","1167","API (negative) - Authorized endpoint reports false for wrong password","DemoQA Regression Suite","2026-10-03","failed","2026-10-03","com.automation.sites.demoqa.tests.BookStoreApiNegativeTest","DemoQA Regression Tests","com.automation.sites.demoqa.tests.BookStoreApiNegativeTest","isAuthorized_WithWrongPassword_ShouldReturnFalse"
"","2092","Links - Forbidden API Link Returns 403","DemoQA Regression Suite","2026-10-03","passed","2026-10-03","com.automation.sites.demoqa.tests.LinksTest","DemoQA Regression Tests","com.automation.sites.demoqa.tests.LinksTest","verifyForbiddenLink"
"","90076","SAHMAT Login/Forgot-Password - runs every scenario defined in the keyword CSV","SAHMAT Regression Suite","2026-10-03","skipped","2026-10-03","com.automation.sites.sahmat.tests.LoginAndForgotPasswordKeywordTest","SAHMAT Regression Tests","com.automation.sites.sahmat.tests.LoginAndForgotPasswordKeywordTest","runScenario"
"","155","SAHMAT Login/Forgot-Password - runs every scenario defined in the keyword CSV","SAHMAT Regression Suite","2026-10-03","skipped","2026-10-03","com.automation.sites.sahmat.tests.LoginAndForgotPasswordKeywordTest","SAHMAT Regression Tests","com.automation.sites.sahmat.tests.LoginAndForgotPasswordKeywordTest","runScenario"
"","993","Date Picker - Select Specific Date and Time","DemoQA Regression Suite","2026-10-03","passed","2026-10-03","com.automation.sites.demoqa.tests.DatePickerTest","DemoQA Regression Tests","com.automation.sites.demoqa.tests.DatePickerTest","verifyDateTimeSelection"
"","1824","Accordian - Section Closes When Clicked Again","DemoQA Regression Suite","2026-10-03","passed","2026-10-03","com.automation.sites.demoqa.tests.AccordianTest","DemoQA Regression Tests","com.automation.sites.demoqa.tests.AccordianTest","verifySectionToggles"
"","1011","Browser Windows - New Window Message Opens And Closes","DemoQA Regression Suite","2026-10-03","passed","2026-10-03","com.automation.sites.demoqa.tests.BrowserWindowsTest","DemoQA Regression Tests","com.automation.sites.demoqa.tests.BrowserWindowsTest","verifyNewWindowMessage"
"","1905","Selectable - Ctrl+Click Selects Multiple Items","DemoQA Regression Suite","2026-10-03","failed","2026-10-03","com.automation.sites.demoqa.tests.SelectableTest","DemoQA Regression Tests","com.automation.sites.demoqa.tests.SelectableTest","verifyMultiSelection"
"","1820","Accordian - Only One Section Open At A Time","DemoQA Regression Suite","2026-10-03","passed","2026-10-03","com.automation.sites.demoqa.tests.AccordianTest","DemoQA Regression Tests","com.automation.sites.demoqa.tests.AccordianTest","verifyOnlyOneSectionOpenAtTime"
"","4766","Droppable - Dragging Away From Drop Zone Does Not Trigger Drop","DemoQA Regression Suite","2026-10-03","passed","2026-10-03","com.automation.sites.demoqa.tests.DroppableTest","DemoQA Regression Tests","com.automation.sites.demoqa.tests.DroppableTest","verifyDragAwayDoesNotDrop"
"","7757","Progress Bar - Stop At Specific Value","DemoQA Regression Suite","2026-10-03","passed","2026-10-03","com.automation.sites.demoqa.tests.ProgressBarTest","DemoQA Regression Tests","com.automation.sites.demoqa.tests.ProgressBarTest","verifyProgressBarStopsAtValue"
"","1109","Tabs - What Tab Is Active By Default","DemoQA Regression Suite","2026-10-03","passed","2026-10-03","com.automation.sites.demoqa.tests.TabsTest","DemoQA Regression Tests","com.automation.sites.demoqa.tests.TabsTest","verifyWhatTabContent"
"","1518","Sortable - Grid Tab Has 9 Items","DemoQA Regression Suite","2026-10-03","passed","2026-10-03","com.automation.sites.demoqa.tests.SortableTest","DemoQA Regression Tests","com.automation.sites.demoqa.tests.SortableTest","verifyGridHasNineItems"
"","82","Profile - New user's book collection is empty","DemoQA Regression Suite","2026-10-03","skipped","2026-10-03","com.automation.sites.demoqa.tests.BookStoreApplicationTest","DemoQA Regression Tests","com.automation.sites.demoqa.tests.BookStoreApplicationTest","verifyEmptyCollectionForNewUser"
"","2040","Links - Not Found API Link Returns 404","DemoQA Regression Suite","2026-10-03","passed","2026-10-03","com.automation.sites.demoqa.tests.LinksTest","DemoQA Regression Tests","com.automation.sites.demoqa.tests.LinksTest","verifyNotFoundLink"
"","85","SAHMAT Login/Forgot-Password - runs every scenario defined in the keyword CSV","SAHMAT Regression Suite","2026-10-03","skipped","2026-10-03","com.automation.sites.sahmat.tests.LoginAndForgotPasswordKeywordTest","SAHMAT Regression Tests","com.automation.sites.sahmat.tests.LoginAndForgotPasswordKeywordTest","runScenario"
"","2141","API (negative) - Creating the same account twice is rejected","DemoQA Regression Suite","2026-10-03","passed","2026-10-03","com.automation.sites.demoqa.tests.BookStoreApiNegativeTest","DemoQA Regression Tests","com.automation.sites.demoqa.tests.BookStoreApiNegativeTest","createDuplicateAccount_ShouldReturn406"
"","905","Select Menu - Standard Multi Select Works","DemoQA Regression Suite","2026-10-03","passed","2026-10-03","com.automation.sites.demoqa.tests.SelectMenuTest","DemoQA Regression Tests","com.automation.sites.demoqa.tests.SelectMenuTest","verifyStandardMultiSelect"
"","21340","Modal Dialogs - Small Modal Body Has Content","DemoQA Regression Suite","2026-10-03","broken","2026-10-03","com.automation.sites.demoqa.tests.ModalDialogsTest","DemoQA Regression Tests","com.automation.sites.demoqa.tests.ModalDialogsTest","verifySmallModalBody"
"","1658","Tool Tips - Button Shows Tooltip On Hover","DemoQA Regression Suite","2026-10-03","passed","2026-10-03","com.automation.sites.demoqa.tests.ToolTipsTest","DemoQA Regression Tests","com.automation.sites.demoqa.tests.ToolTipsTest","verifyButtonTooltip"
"","742","API - Delete the account used by this test class","DemoQA Regression Suite","2026-10-03","passed","2026-10-03","com.automation.sites.demoqa.tests.BookStoreApiTest","DemoQA Regression Tests","com.automation.sites.demoqa.tests.BookStoreApiTest","deleteUserAccount_ShouldCleanUp"
"","124","SAHMAT Login/Forgot-Password - runs every scenario defined in the keyword CSV","SAHMAT Regression Suite","2026-10-03","skipped","2026-10-03","com.automation.sites.sahmat.tests.LoginAndForgotPasswordKeywordTest","SAHMAT Regression Tests","com.automation.sites.sahmat.tests.LoginAndForgotPasswordKeywordTest","runScenario"
"","716","Network & internet entry opens from the Settings home list","Mobile Regression Suite","2026-10-03","passed","2026-10-03","com.automation.mobile.sites.settings.tests.SettingsHomeTest","Mobile Regression Tests","com.automation.mobile.sites.settings.tests.SettingsHomeTest","networkAndInternetEntryOpens"
"","29289","Droppable - Will Revert Box Returns To Original Position After Drop","DemoQA Regression Suite","2026-10-03","passed","2026-10-03","com.automation.sites.demoqa.tests.DroppableTest","DemoQA Regression Tests","com.automation.sites.demoqa.tests.DroppableTest","verifyWillRevert"
"","720","Progress Bar - Starts At 0","DemoQA Regression Suite","2026-10-03","passed","2026-10-03","com.automation.sites.demoqa.tests.ProgressBarTest","DemoQA Regression Tests","com.automation.sites.demoqa.tests.ProgressBarTest","verifyProgressBarStartsAt0"
"","750","Slider - Set Value To 50 And Verify","DemoQA Regression Suite","2026-10-03","passed","2026-10-03","com.automation.sites.demoqa.tests.SliderTest","DemoQA Regression Tests","com.automation.sites.demoqa.tests.SliderTest","verifySliderValue"
"","1288","DemoQA - Fill and submit the Text Box form using only the keyboard","DemoQA Regression Suite","2026-10-03","passed","2026-10-03","com.automation.sites.demoqa.tests.KeywordDrivenTextBoxTest","DemoQA Regression Tests","com.automation.sites.demoqa.tests.KeywordDrivenTextBoxTest","keyboardOnlyFill"
"","2111","Links - No Content API Link Returns 204","DemoQA Regression Suite","2026-10-03","passed","2026-10-03","com.automation.sites.demoqa.tests.LinksTest","DemoQA Regression Tests","com.automation.sites.demoqa.tests.LinksTest","verifyNoContentLink"
"","73","Book Store - Invalid credentials show error message","DemoQA Regression Suite","2026-10-03","skipped","2026-10-03","com.automation.sites.demoqa.tests.BookStoreApplicationTest","DemoQA Regression Tests","com.automation.sites.demoqa.tests.BookStoreApplicationTest","verifyInvalidLogin"
"","28871","Droppable - Drop On Inner Not-Greedy Box Also Triggers Outer","DemoQA Regression Suite","2026-10-03","passed","2026-10-03","com.automation.sites.demoqa.tests.DroppableTest","DemoQA Regression Tests","com.automation.sites.demoqa.tests.DroppableTest","verifyNotGreedyPropagation"
"","17391","Resizable - Box Cannot Exceed Max Size 500x300","DemoQA Regression Suite","2026-10-03","passed","2026-10-03","com.automation.sites.demoqa.tests.ResizableTest","DemoQA Regression Tests","com.automation.sites.demoqa.tests.ResizableTest","verifyMaxSizeConstraint"
"","2002","Links - Home Link Opens New Tab","DemoQA Regression Suite","2026-10-03","passed","2026-10-03","com.automation.sites.demoqa.tests.LinksTest","DemoQA Regression Tests","com.automation.sites.demoqa.tests.LinksTest","verifyHomeLinkOpensNewTab"
"","67","Book Store - Logout redirects to /login","DemoQA Regression Suite","2026-10-03","skipped","2026-10-03","com.automation.sites.demoqa.tests.BookStoreApplicationTest","DemoQA Regression Tests","com.automation.sites.demoqa.tests.BookStoreApplicationTest","verifyLogout"
"","74","Book Store - Clicking first book opens detail page","DemoQA Regression Suite","2026-10-03","skipped","2026-10-03","com.automation.sites.demoqa.tests.BookStoreApplicationTest","DemoQA Regression Tests","com.automation.sites.demoqa.tests.BookStoreApplicationTest","verifyClickFirstBookOpensDetail"
"","1183","Menu - Main Item 1 Is Visible","DemoQA Regression Suite","2026-10-03","passed","2026-10-03","com.automation.sites.demoqa.tests.MenuTest","DemoQA Regression Tests","com.automation.sites.demoqa.tests.MenuTest","verifyMainItem1Visible"
"","882","Browser Windows - New Tab Opens With Correct Text","DemoQA Regression Suite","2026-10-03","failed","2026-10-03","com.automation.sites.demoqa.tests.BrowserWindowsTest","DemoQA Regression Tests","com.automation.sites.demoqa.tests.BrowserWindowsTest","verifyNewTab"
"","91","SAHMAT Login/Forgot-Password - runs every scenario defined in the keyword CSV","SAHMAT Regression Suite","2026-10-03","skipped","2026-10-03","com.automation.sites.sahmat.tests.LoginAndForgotPasswordKeywordTest","SAHMAT Regression Tests","com.automation.sites.sahmat.tests.LoginAndForgotPasswordKeywordTest","runScenario"
"","818","Alerts - Prompt Alert Accepts Typed Text","DemoQA Regression Suite","2026-10-03","passed","2026-10-03","com.automation.sites.demoqa.tests.AlertsTest","DemoQA Regression Tests","com.automation.sites.demoqa.tests.AlertsTest","verifyPromptAlert"
"","21422","Modal Dialogs - Large Modal Title Is Correct","DemoQA Regression Suite","2026-10-03","broken","2026-10-03","com.automation.sites.demoqa.tests.ModalDialogsTest","DemoQA Regression Tests","com.automation.sites.demoqa.tests.ModalDialogsTest","verifyLargeModalTitle"
"","107","SAHMAT Login/Forgot-Password - runs every scenario defined in the keyword CSV","SAHMAT Regression Suite","2026-10-03","skipped","2026-10-03","com.automation.sites.sahmat.tests.LoginAndForgotPasswordKeywordTest","SAHMAT Regression Tests","com.automation.sites.sahmat.tests.LoginAndForgotPasswordKeywordTest","runScenario"
"","21389","Modal Dialogs - Small Modal Title Is Correct","DemoQA Regression Suite","2026-10-03","broken","2026-10-03","com.automation.sites.demoqa.tests.ModalDialogsTest","DemoQA Regression Tests","com.automation.sites.demoqa.tests.ModalDialogsTest","verifySmallModalTitle"
"","161","SAHMAT Login/Forgot-Password - runs every scenario defined in the keyword CSV","SAHMAT Regression Suite","2026-10-03","skipped","2026-10-03","com.automation.sites.sahmat.tests.LoginAndForgotPasswordKeywordTest","SAHMAT Regression Tests","com.automation.sites.sahmat.tests.LoginAndForgotPasswordKeywordTest","runScenario"
"","88","SAHMAT Login/Forgot-Password - runs every scenario defined in the keyword CSV","SAHMAT Regression Suite","2026-10-03","skipped","2026-10-03","com.automation.sites.sahmat.tests.LoginAndForgotPasswordKeywordTest","SAHMAT Regression Tests","com.automation.sites.sahmat.tests.LoginAndForgotPasswordKeywordTest","runScenario"
"","2269","DemoQA - Submit a valid Text Box form, driven entirely by keyword script","DemoQA Regression Suite","2026-10-03","passed","2026-10-03","com.automation.sites.demoqa.tests.KeywordDrivenTextBoxTest","DemoQA Regression Tests","com.automation.sites.demoqa.tests.KeywordDrivenTextBoxTest","submitValidForm"
"","553","API - User detail endpoint lists the added book","DemoQA Regression Suite","2026-10-03","passed","2026-10-03","com.automation.sites.demoqa.tests.BookStoreApiTest","DemoQA Regression Tests","com.automation.sites.demoqa.tests.BookStoreApiTest","getUserDetails_ShouldIncludeAddedBook"
"","1419","Practice Form - Submit With Mandatory Fields Only","DemoQA Regression Suite","2026-10-03","passed","2026-10-03","com.automation.sites.demoqa.tests.PracticeFormTest","DemoQA Regression Tests","com.automation.sites.demoqa.tests.PracticeFormTest","verifyFormSubmissionWithMandatoryFieldsOnly"
"","68","Profile - Page shows the logged-in user's name","DemoQA Regression Suite","2026-10-03","skipped","2026-10-03","com.automation.sites.demoqa.tests.BookStoreApplicationTest","DemoQA Regression Tests","com.automation.sites.demoqa.tests.BookStoreApplicationTest","verifyProfileShowsUserName"
"","124","Book Store - Back to Login link navigates to /login","DemoQA Regression Suite","2026-10-03","skipped","2026-10-03","com.automation.sites.demoqa.tests.BookStoreApplicationTest","DemoQA Regression Tests","com.automation.sites.demoqa.tests.BookStoreApplicationTest","navigateBackToLogin"
"","28899","Droppable - Acceptable Element Is Accepted By Drop Zone","DemoQA Regression Suite","2026-10-03","passed","2026-10-03","com.automation.sites.demoqa.tests.DroppableTest","DemoQA Regression Tests","com.automation.sites.demoqa.tests.DroppableTest","verifyAcceptableDrop"
"","74","Book Store - Search 'Git' filters the book list","DemoQA Regression Suite","2026-10-03","skipped","2026-10-03","com.automation.sites.demoqa.tests.BookStoreApplicationTest","DemoQA Regression Tests","com.automation.sites.demoqa.tests.BookStoreApplicationTest","verifySearchFiltersBooks"
"","731","Upload and Download - Verify File Upload","DemoQA Regression Suite","2026-10-03","passed","2026-10-03","com.automation.sites.demoqa.tests.UploadDownloadTest","DemoQA Regression Tests","com.automation.sites.demoqa.tests.UploadDownloadTest","verifyFileUpload"
"","886","Radio Button - Select Yes Option","DemoQA Regression Suite","2026-10-03","passed","2026-10-03","com.automation.sites.demoqa.tests.RadioButtonTest","DemoQA Regression Tests","com.automation.sites.demoqa.tests.RadioButtonTest","verifyRadioButton"
"","1049","Select Menu - Select Value (react-select) Works","DemoQA Regression Suite","2026-10-03","passed","2026-10-03","com.automation.sites.demoqa.tests.SelectMenuTest","DemoQA Regression Tests","com.automation.sites.demoqa.tests.SelectMenuTest","verifySelectValue"
"","5838","Dynamic Properties - Button Color Changes After 5 Seconds","DemoQA Regression Suite","2026-10-03","passed","2026-10-03","com.automation.sites.demoqa.tests.DynamicPropertiesTest","DemoQA Regression Tests","com.automation.sites.demoqa.tests.DynamicPropertiesTest","verifyButtonColorChangesAfterDelay"
"","1596","API (negative) - Wrong password does not yield a token","DemoQA Regression Suite","2026-10-03","passed","2026-10-03","com.automation.sites.demoqa.tests.BookStoreApiNegativeTest","DemoQA Regression Tests","com.automation.sites.demoqa.tests.BookStoreApiNegativeTest","generateToken_WithWrongPassword_ShouldReturnFailedStatus"
"","18307","Draggable - Contained-Within-Parent Box Stays Within Its Immediate Parent","DemoQA Regression Suite","2026-10-03","passed","2026-10-03","com.automation.sites.demoqa.tests.DraggableTest","DemoQA Regression Tests","com.automation.sites.demoqa.tests.DraggableTest","verifyContainedWithinParentRestriction"
"","21230","Book Store - Register new user with auto-generated unique credentials","DemoQA Regression Suite","2026-10-03","failed","2026-10-03","com.automation.sites.demoqa.tests.BookStoreApplicationTest","DemoQA Regression Tests","com.automation.sites.demoqa.tests.BookStoreApplicationTest","registerNewUser"
"","112","SAHMAT Login/Forgot-Password - runs every scenario defined in the keyword CSV","SAHMAT Regression Suite","2026-10-03","skipped","2026-10-03","com.automation.sites.sahmat.tests.LoginAndForgotPasswordKeywordTest","SAHMAT Regression Tests","com.automation.sites.sahmat.tests.LoginAndForgotPasswordKeywordTest","runScenario"
"","762","Slider - Set Value To 75 And Verify","DemoQA Regression Suite","2026-10-03","passed","2026-10-03","com.automation.sites.demoqa.tests.SliderTest","DemoQA Regression Tests","com.automation.sites.demoqa.tests.SliderTest","verifySliderValueAt75"
"","1451","API (negative) setup - Generate a valid token, needed by the add/delete/user-detail tests below","DemoQA Regression Suite","2026-10-03","passed","2026-10-03","com.automation.sites.demoqa.tests.BookStoreApiNegativeTest","DemoQA Regression Tests","com.automation.sites.demoqa.tests.BookStoreApiNegativeTest","generateValidToken_ForSubsequentTests"
"","1409","Buttons - Verify Double Click","DemoQA Regression Suite","2026-10-03","passed","2026-10-03","com.automation.sites.demoqa.tests.ButtonsTest","DemoQA Regression Tests","com.automation.sites.demoqa.tests.ButtonsTest","verifyDoubleClick"
"","1577","Menu - Sub Sub Item Appears On Nested Hover","DemoQA Regression Suite","2026-10-03","passed","2026-10-03","com.automation.sites.demoqa.tests.MenuTest","DemoQA Regression Tests","com.automation.sites.demoqa.tests.MenuTest","verifySubSubItemOnHover"
"","1354","Auto Complete - Single Select Shows Selected Color","DemoQA Regression Suite","2026-10-03","passed","2026-10-03","com.automation.sites.demoqa.tests.AutoCompleteTest","DemoQA Regression Tests","com.automation.sites.demoqa.tests.AutoCompleteTest","verifySingleColorInput"
"","120","SAHMAT Login/Forgot-Password - runs every scenario defined in the keyword CSV","SAHMAT Regression Suite","2026-10-03","skipped","2026-10-03","com.automation.sites.sahmat.tests.LoginAndForgotPasswordKeywordTest","SAHMAT Regression Tests","com.automation.sites.sahmat.tests.LoginAndForgotPasswordKeywordTest","runScenario"
"","1277","Tabs - Origin Tab Shows Content On Click","DemoQA Regression Suite","2026-10-03","passed","2026-10-03","com.automation.sites.demoqa.tests.TabsTest","DemoQA Regression Tests","com.automation.sites.demoqa.tests.TabsTest","verifyOriginTabContent"
"","17864","Draggable - Simple Box Moves To New Position","DemoQA Regression Suite","2026-10-03","passed","2026-10-03","com.automation.sites.demoqa.tests.DraggableTest","DemoQA Regression Tests","com.automation.sites.demoqa.tests.DraggableTest","verifySimpleDrag"
"","0","API (negative) - Adding an ISBN already in the collection returns 400","DemoQA Regression Suite","2026-10-03","skipped","2026-10-03","com.automation.sites.demoqa.tests.BookStoreApiNegativeTest","DemoQA Regression Tests","com.automation.sites.demoqa.tests.BookStoreApiNegativeTest","addBookToCollection_DuplicateIsbn_ShouldReturn400"
"","1256","Accordian - Section 3 Opens On Click","DemoQA Regression Suite","2026-10-03","passed","2026-10-03","com.automation.sites.demoqa.tests.AccordianTest","DemoQA Regression Tests","com.automation.sites.demoqa.tests.AccordianTest","verifySection3OpensOnClick"
"","68","Book Store - Back to Book Store button returns to store","DemoQA Regression Suite","2026-10-03","skipped","2026-10-03","com.automation.sites.demoqa.tests.BookStoreApplicationTest","DemoQA Regression Tests","com.automation.sites.demoqa.tests.BookStoreApplicationTest","verifyBackToStoreNavigation"
"","1278","API - Delete the book from the account's collection","DemoQA Regression Suite","2026-10-03","passed","2026-10-03","com.automation.sites.demoqa.tests.BookStoreApiTest","DemoQA Regression Tests","com.automation.sites.demoqa.tests.BookStoreApiTest","deleteBookFromCollection_ShouldSucceed"
"","2372","Links - Bad Request API Link Returns 400","DemoQA Regression Suite","2026-10-03","passed","2026-10-03","com.automation.sites.demoqa.tests.LinksTest","DemoQA Regression Tests","com.automation.sites.demoqa.tests.LinksTest","verifyBadRequestLink"
"","73","Book Store - Store page loads and displays books","DemoQA Regression Suite","2026-10-03","skipped","2026-10-03","com.automation.sites.demoqa.tests.BookStoreApplicationTest","DemoQA Regression Tests","com.automation.sites.demoqa.tests.BookStoreApplicationTest","verifyBookStoreLoads"
"","6302","Alerts - Timer Alert Appears After 5 Seconds","DemoQA Regression Suite","2026-10-03","passed","2026-10-03","com.automation.sites.demoqa.tests.AlertsTest","DemoQA Regression Tests","com.automation.sites.demoqa.tests.AlertsTest","verifyTimerAlert"
"","21417","Modal Dialogs - Large Modal Body Has Content","DemoQA Regression Suite","2026-10-03","broken","2026-10-03","com.automation.sites.demoqa.tests.ModalDialogsTest","DemoQA Regression Tests","com.automation.sites.demoqa.tests.ModalDialogsTest","verifyLargeModalBody"
"","1396","Auto Complete - Multi Select Accepts Multiple Colors","DemoQA Regression Suite","2026-10-03","passed","2026-10-03","com.automation.sites.demoqa.tests.AutoCompleteTest","DemoQA Regression Tests","com.automation.sites.demoqa.tests.AutoCompleteTest","verifyMultiColorInput"
"","31482","Broken Links Images - Broken Link Returns 500","DemoQA Regression Suite","2026-10-03","passed","2026-10-03","com.automation.sites.demoqa.tests.BrokenLinksImagesTest","DemoQA Regression Tests","com.automation.sites.demoqa.tests.BrokenLinksImagesTest","verifyBrokenLinkResponse"
"","69","Book Store - Search 'Git Pocket Guide' and open it","DemoQA Regression Suite","2026-10-03","skipped","2026-10-03","com.automation.sites.demoqa.tests.BookStoreApplicationTest","DemoQA Regression Tests","com.automation.sites.demoqa.tests.BookStoreApplicationTest","verifyOpenSpecificBook"
"","11091","Progress Bar - Reaches 100 After Start","DemoQA Regression Suite","2026-10-03","passed","2026-10-03","com.automation.sites.demoqa.tests.ProgressBarTest","DemoQA Regression Tests","com.automation.sites.demoqa.tests.ProgressBarTest","verifyProgressBarCompletes"
"","1277","Frames - Read Text From Frame 2","DemoQA Regression Suite","2026-10-03","passed","2026-10-03","com.automation.sites.demoqa.tests.FramesTest","DemoQA Regression Tests","com.automation.sites.demoqa.tests.FramesTest","verifyFrame2Text"
"","1427","Buttons - Verify Right Click","DemoQA Regression Suite","2026-10-03","passed","2026-10-03","com.automation.sites.demoqa.tests.ButtonsTest","DemoQA Regression Tests","com.automation.sites.demoqa.tests.ButtonsTest","verifyRightClick"
"","812","Alerts - Confirm Alert Dismiss Shows Cancel","DemoQA Regression Suite","2026-10-03","passed","2026-10-03","com.automation.sites.demoqa.tests.AlertsTest","DemoQA Regression Tests","com.automation.sites.demoqa.tests.AlertsTest","verifyConfirmAlertDismiss"
"","1025","Alerts - Simple Alert Shows Correct Text","DemoQA Regression Suite","2026-10-03","passed","2026-10-03","com.automation.sites.demoqa.tests.AlertsTest","DemoQA Regression Tests","com.automation.sites.demoqa.tests.AlertsTest","verifySimpleAlert"
"","1989","Links - Unauthorized API Link Returns 401","DemoQA Regression Suite","2026-10-03","passed","2026-10-03","com.automation.sites.demoqa.tests.LinksTest","DemoQA Regression Tests","com.automation.sites.demoqa.tests.LinksTest","verifyUnauthorizedLink"
"","1010","Selectable - Grid Single Click Selects One Item","DemoQA Regression Suite","2026-10-03","passed","2026-10-03","com.automation.sites.demoqa.tests.SelectableTest","DemoQA Regression Tests","com.automation.sites.demoqa.tests.SelectableTest","verifyGridSingleSelection"
"","3583","Profile (API-seeded) - a new account starts with an empty collection","DemoQA Regression Suite","2026-10-03","passed","2026-10-03","com.automation.sites.demoqa.tests.ProfileApiSeededTest","DemoQA Regression Tests","com.automation.sites.demoqa.tests.ProfileApiSeededTest","newAccount_HasEmptyCollection"
"","71","Profile - Added book is listed on the profile page","DemoQA Regression Suite","2026-10-03","skipped","2026-10-03","com.automation.sites.demoqa.tests.BookStoreApplicationTest","DemoQA Regression Tests","com.automation.sites.demoqa.tests.BookStoreApplicationTest","verifyAddedBookAppearsOnProfile"
"","17520","Resizable - Dragging Handle Increases Box Size","DemoQA Regression Suite","2026-10-03","passed","2026-10-03","com.automation.sites.demoqa.tests.ResizableTest","DemoQA Regression Tests","com.automation.sites.demoqa.tests.ResizableTest","verifyResizeIncrease"
"","5931","Dynamic Properties - Button Enables After 5 Seconds","DemoQA Regression Suite","2026-10-03","passed","2026-10-03","com.automation.sites.demoqa.tests.DynamicPropertiesTest","DemoQA Regression Tests","com.automation.sites.demoqa.tests.DynamicPropertiesTest","verifyButtonEnablesAfterDelay"
"","734","Accordian - Section 1 Is Open By Default","DemoQA Regression Suite","2026-10-03","passed","2026-10-03","com.automation.sites.demoqa.tests.AccordianTest","DemoQA Regression Tests","com.automation.sites.demoqa.tests.AccordianTest","verifySection1OpenByDefault"
"","28787","Droppable - Not Revert Box Stays At Drop Position","DemoQA Regression Suite","2026-10-03","passed","2026-10-03","com.automation.sites.demoqa.tests.DroppableTest","DemoQA Regression Tests","com.automation.sites.demoqa.tests.DroppableTest","verifyNotRevert"
"","1039","Browser Windows - New Window Opens With Correct Text","DemoQA Regression Suite","2026-10-03","failed","2026-10-03","com.automation.sites.demoqa.tests.BrowserWindowsTest","DemoQA Regression Tests","com.automation.sites.demoqa.tests.BrowserWindowsTest","verifyNewWindow"
"","5272","Profile (API-seeded) - a book added via the API is listed on the profile page","DemoQA Regression Suite","2026-10-03","passed","2026-10-03","com.automation.sites.demoqa.tests.ProfileApiSeededTest","DemoQA Regression Tests","com.automation.sites.demoqa.tests.ProfileApiSeededTest","bookAddedViaApi_IsListedOnProfile"
"","438","API (negative) - Fetching a book by a nonexistent ISBN returns 400","DemoQA Regression Suite","2026-10-03","failed","2026-10-03","com.automation.sites.demoqa.tests.BookStoreApiNegativeTest","DemoQA Regression Tests","com.automation.sites.demoqa.tests.BookStoreApiNegativeTest","getBookByIsbn_WithInvalidIsbn_ShouldReturn400"
"","67","Profile - Add a book to the user's collection","DemoQA Regression Suite","2026-10-03","skipped","2026-10-03","com.automation.sites.demoqa.tests.BookStoreApplicationTest","DemoQA Regression Tests","com.automation.sites.demoqa.tests.BookStoreApplicationTest","verifyAddBookToCollection"
"","1301","Menu - Sub Item Appears On Hover","DemoQA Regression Suite","2026-10-03","passed","2026-10-03","com.automation.sites.demoqa.tests.MenuTest","DemoQA Regression Tests","com.automation.sites.demoqa.tests.MenuTest","verifySubItemOnHover"
